{
    "fourier": [
        1.0,
        0.06595134110610708,
        0.044943744448989596,
        0.01889274942196269,
        0.0064158407711205285,
        0.012898730485203552,
        0.015177046765723652,
        0.017513536364246966,
        0.012683225970370936,
        0.01042844225369156,
        0.003489428182706001,
        0.002451578666209988,
        0.004717378319860778,
        0.004943848995274134,
        0.004254927963924079,
        0.003020651160249459,
        0.0016895643356114958,
        0.0012910588558553435,
        0.0007647970276134792,
        0.0009987652887486845,
        0.0007190506961962555,
        0.0010144370211153878,
        0.0013707994282878872,
        0.0011669544769837565,
        0.0007889186157717917,
        0.0001301232595506098,
        0.0002790450480229457,
        0.0005123187159896218,
        0.0003632345707306836,
        0.00012194502569951665,
        0.00032496213479415173,
        0.0006240403182248585
    ],
    "direction_hist": [
        0.15,
        0.0,
        0.0,
        0.0,
        0.10757575757575757,
        0.0,
        0.0,
        0.0,
        0.0,
        0.1393939393939394,
        0.0,
        0.0,
        0.0,
        0.1,
        0.0,
        0.0,
        0.0,
        0.0,
        0.15606060606060607,
        0.0,
        0.0,
        0.0,
        0.10757575757575757,
        0.0,
        0.0,
        0.0,
        0.0,
        0.1318181818181818,
        0.0,
        0.0,
        0.0,
        0.10757575757575757,
        0.0,
        0.0,
        0.0,
        0.0
    ]
}