{
    "fourier": [
        1.0,
        0.08388941057884934,
        0.0350967771110829,
        0.03534827185865712,
        0.04719037121406017,
        0.02926102238201996,
        0.010172941114816956,
        0.010152678163719807,
        0.015445177243501883,
        0.006607299384094101,
        0.003240046822017458,
        0.0075182514518115145,
        0.004187850814677393,
        0.0017766652784409996,
        0.004778297018378383,
        0.0038937712592644527,
        0.0018562301208784357,
        0.0011755344840420742,
        0.0009009143196147004,
        9.6340210838441e-05,
        0.0021012150892604697,
        0.001686088113389851,
        0.001217563751305866,
        0.0011464122473241465,
        0.0009958497277638514,
        0.000466314411088949,
        0.0009068093024394569,
        0.0009484212123908074,
        0.00047517829651691425,
        0.0006095763446621215,
        0.0009523725511511405,
        0.00073352359798241
    ],
    "direction_hist": [
        0.20823798627002288,
        0.0,
        0.0,
        0.0,
        0.09839816933638444,
        0.0,
        0.0,
        0.0,
        0.0,
        0.10869565217391304,
        0.0,
        0.0,
        0.0,
        0.09038901601830664,
        0.0,
        0.0,
        0.0,
        0.0,
        0.19679633867276888,
        0.0,
        0.0,
        0.0,
        0.09610983981693363,
        0.0,
        0.0,
        0.0,
        0.0,
        0.12356979405034325,
        0.0,
        0.0,
        0.0,
        0.07780320366132723,
        0.0,
        0.0,
        0.0,
        0.0
    ]
}