{
    "fourier": [
        1.0,
        0.10180334903883491,
        0.054617620117991345,
        0.020596445619973015,
        0.029203710244052255,
        0.012169353258527743,
        0.016648470741669846,
        0.02031120886023979,
        0.018186406162884246,
        0.0017125803956966042,
        0.00977577630588627,
        0.014662197853864297,
        0.00714122051858987,
        0.0006431465282621793,
        0.002676493006427657,
        0.0007217261308755295,
        0.002171637468860448,
        0.0036850475285864943,
        0.0020106782584961807,
        0.0016821317244181755,
        0.0031311734413847895,
        0.0018101419073560043,
        0.0009086922216628846,
        0.00024203915968132688,
        0.0007906279948764378,
        0.001522661194881075,
        0.0012718461522409855,
        4.251713903566954e-05,
        0.0011395046448839955,
        0.001763863237131566,
        0.0012380177894496986,
        0.0005215113077890263
    ],
    "direction_hist": [
        0.20090805902383654,
        0.0,
        0.0,
        0.0,
        0.07150964812712826,
        0.0,
        0.0,
        0.0,
        0.0,
        0.1282633371169126,
        0.0,
        0.0,
        0.0,
        0.11350737797956867,
        0.0,
        0.0,
        0.0,
        0.0,
        0.17253121452894438,
        0.0,
        0.0,
        0.0,
        0.0851305334846765,
        0.0,
        0.0,
        0.0,
        0.0,
        0.1282633371169126,
        0.0,
        0.0,
        0.0,
        0.09988649262202043,
        0.0,
        0.0,
        0.0,
        0.0
    ]
}