{
    "fourier": [
        1.0,
        0.03357405271580122,
        0.029701331499518247,
        0.016457603779472113,
        0.005366694349786361,
        0.004467045102754754,
        0.0039727922224992865,
        0.008900569485316777,
        0.007231169840316968,
        0.009225833997510313,
        0.006981906697122045,
        0.005761414597391585,
        0.003167798615355587,
        0.0017413189256745955,
        0.0017873992362602861,
        0.0025468241001983844,
        0.0029037469099485913,
        0.002607462667110616,
        0.002106093885778156,
        0.0011830423402453517,
        0.0005597730326311846,
        0.0003999606265505724,
        0.0008179083831658683,
        0.0011040915876562483,
        0.0010765281280250725,
        0.0010448189266333758,
        0.0007485037190901756,
        0.0008206356088688713,
        0.0007961623519194089,
        0.0009383856116969181,
        0.0006292464591307658,
        0.0006241465043538558
    ],
    "direction_hist": [
        0.17205882352941176,
        0.0,
        0.0,
        0.0,
        0.09852941176470588,
        0.0,
        0.0,
        0.0,
        0.0,
        0.13529411764705881,
        0.0,
        0.0,
        0.0,
        0.09705882352941177,
        0.0,
        0.0,
        0.0,
        0.0,
        0.1661764705882353,
        0.0,
        0.0,
        0.0,
        0.09558823529411764,
        0.0,
        0.0,
        0.0,
        0.0,
        0.14558823529411766,
        0.0,
        0.0,
        0.0,
        0.08970588235294118,
        0.0,
        0.0,
        0.0,
        0.0
    ]
}