{
    "fourier": [
        1.0,
        0.06795200353323451,
        0.03636636952845136,
        0.011927333382000771,
        0.012170444613816934,
        0.02680916649815748,
        0.017897822026793443,
        0.008676371064551899,
        0.004580292276877255,
        0.01046660451274057,
        0.010096151108793538,
        0.007190079584843814,
        0.0008080649522270941,
        0.0023010327644352995,
        0.003033826236799147,
        0.0014241900015626314,
        0.0007447336156795947,
        0.001051623860392445,
        0.0006084011017831984,
        0.0006302100115294396,
        0.0006860403441308131,
        0.0004676999718091087,
        0.00048433151081189995,
        0.0011008530848665387,
        0.0008530531271310346,
        0.00040914680223119964,
        0.0010765550954067492,
        0.0012077851339626212,
        0.0011986903514384923,
        0.00042506704532608924,
        0.0006021310385829217,
        0.0003772387831644335
    ],
    "direction_hist": [
        0.17826825127334464,
        0.0,
        0.0,
        0.0,
        0.08828522920203735,
        0.0,
        0.0,
        0.0,
        0.0,
        0.14770797962648557,
        0.0,
        0.0,
        0.0,
        0.08828522920203735,
        0.0,
        0.0,
        0.0,
        0.0,
        0.1731748726655348,
        0.0,
        0.0,
        0.0,
        0.07979626485568761,
        0.0,
        0.0,
        0.0,
        0.0,
        0.16808149405772496,
        0.0,
        0.0,
        0.0,
        0.07640067911714771,
        0.0,
        0.0,
        0.0,
        0.0
    ]
}