{
    "fourier": [
        1.0,
        0.08263062753645811,
        0.07500025558149262,
        0.015082111022724932,
        0.006767280987723339,
        0.02236795537353079,
        0.0049971349394653565,
        0.005590913264891475,
        0.005200730076688514,
        0.001067809581891156,
        0.0035952598220446766,
        0.003871452315453084,
        0.003083422142043603,
        0.0012218764517426118,
        0.0005479695026665593,
        0.0004959045324434913,
        0.00015834359108900562,
        0.000746544673223815,
        0.00010136680621979827,
        0.0004921647474507294,
        0.0005611614622597808,
        0.0007448513266845398,
        0.0010822489088481585,
        0.0009313284728070165,
        0.0006151525628456288,
        0.0008418682263008546,
        0.0008575658614041994,
        0.00018072957206831942,
        0.0004502092141009176,
        0.0006111190837020134,
        0.00012495977527267075,
        0.0003284163975836243
    ],
    "direction_hist": [
        0.2154696132596685,
        0.0,
        0.0,
        0.0,
        0.04419889502762431,
        0.0,
        0.0,
        0.0,
        0.0,
        0.2136279926335175,
        0.0,
        0.0,
        0.0,
        0.10681399631675875,
        0.0,
        0.0,
        0.0,
        0.0,
        0.055248618784530384,
        0.0,
        0.0,
        0.0,
        0.13259668508287292,
        0.0,
        0.0,
        0.0,
        0.0,
        0.19521178637200737,
        0.0,
        0.0,
        0.0,
        0.03683241252302026,
        0.0,
        0.0,
        0.0,
        0.0
    ]
}