{
    "fourier": [
        1.0,
        0.062077894744731396,
        0.08931510875577171,
        0.022819123168678894,
        0.002144520359497691,
        0.02275299964081766,
        0.002248511556210847,
        0.0027384388108731635,
        0.004409885030736344,
        0.0009757003959817951,
        0.00437672004983171,
        0.0010558965655461732,
        0.004025913819960466,
        0.002039869167949142,
        0.002992586871312053,
        0.0012877112334188307,
        0.0010401350539149578,
        0.0011714927973160941,
        0.0006780371142049504,
        0.0004644794197522949,
        0.00036381314144588777,
        0.0005093801775877924,
        0.0014363581665226602,
        0.0009631661578697314,
        0.0008343420200188616,
        0.000482116824744918,
        0.0009077938591223312,
        0.00035783140005666436,
        0.0003936406076282426,
        0.0005057241801656497,
        0.001072416544918244,
        0.0004909854935095902
    ],
    "direction_hist": [
        0.24456521739130435,
        0.0,
        0.0,
        0.0,
        0.03260869565217391,
        0.0,
        0.0,
        0.0,
        0.0,
        0.19021739130434784,
        0.0,
        0.0,
        0.0,
        0.11413043478260869,
        0.0,
        0.0,
        0.0,
        0.0,
        0.08152173913043478,
        0.0,
        0.0,
        0.0,
        0.10326086956521739,
        0.0,
        0.0,
        0.0,
        0.0,
        0.20652173913043478,
        0.0,
        0.0,
        0.0,
        0.02717391304347826,
        0.0,
        0.0,
        0.0,
        0.0
    ]
}