{
    "fourier": [
        1.0,
        0.11012946830027422,
        0.07809462077802114,
        0.03393738681003533,
        0.0010767926184666534,
        0.02327044331461874,
        0.0009286620903053965,
        0.004554010746952703,
        0.004526852759305225,
        0.007270230053431702,
        0.004614557768100166,
        0.0007782114278021097,
        0.0007016943651711242,
        0.0050857111831423525,
        0.0012602835151938915,
        0.001991979436544405,
        0.0015158738702653368,
        0.0023797599619640856,
        0.001142199194056923,
        0.003292392367229803,
        0.0003007937302469485,
        0.00033434388309626573,
        0.0008861586951857219,
        0.0002340519854123005,
        0.001239698855706146,
        0.0009651345304414636,
        0.000977080199864971,
        0.0009087677188583193,
        0.00019888558981793556,
        0.0005640398621415186,
        0.0002635666264514451,
        0.0008778576294761465
    ],
    "direction_hist": [
        0.20481927710843373,
        0.0,
        0.0,
        0.0,
        0.040160642570281124,
        0.0,
        0.0,
        0.0,
        0.0,
        0.21686746987951808,
        0.0,
        0.0,
        0.0,
        0.08835341365461848,
        0.0,
        0.0,
        0.0,
        0.0,
        0.10441767068273092,
        0.0,
        0.0,
        0.0,
        0.10040160642570281,
        0.0,
        0.0,
        0.0,
        0.0,
        0.1927710843373494,
        0.0,
        0.0,
        0.0,
        0.05220883534136546,
        0.0,
        0.0,
        0.0,
        0.0
    ]
}