{
    "fourier": [
        1.0,
        0.09709531476062268,
        0.08184672948474964,
        0.03275126071442006,
        0.011564359608964778,
        0.0201558920887187,
        0.0035076993741177272,
        0.0007340355526760079,
        0.0004939667594889238,
        0.0019013048547374472,
        0.003445574269039058,
        0.00318401164244006,
        0.0017137125944912902,
        0.00029057200912190696,
        0.0009718496786745533,
        0.0005331168157649782,
        0.0025543029763193665,
        0.0012769335992014355,
        0.00018444843155834479,
        0.0010077044553628348,
        0.0004791237840401547,
        0.0010856328437268334,
        0.0005426245744229052,
        0.00024429435039024675,
        0.0006405432047958443,
        0.0003725852402674874,
        0.0004539000709958291,
        0.00046131820585806877,
        0.00035735866167368476,
        0.0002757305084788582,
        0.0004138972937847429,
        0.00028572212313447384
    ],
    "direction_hist": [
        0.21473354231974923,
        0.0,
        0.0,
        0.0,
        0.050156739811912224,
        0.0,
        0.0,
        0.0,
        0.0,
        0.1786833855799373,
        0.0,
        0.0,
        0.0,
        0.11755485893416928,
        0.0,
        0.0,
        0.0,
        0.0,
        0.09247648902821316,
        0.0,
        0.0,
        0.0,
        0.0987460815047022,
        0.0,
        0.0,
        0.0,
        0.0,
        0.20219435736677116,
        0.0,
        0.0,
        0.0,
        0.045454545454545456,
        0.0,
        0.0,
        0.0,
        0.0
    ]
}