{
    "fourier": [
        1.0,
        0.051631457443919386,
        0.06710038029321623,
        0.017003147051116597,
        0.005353146069034164,
        0.020027606778201233,
        0.004678449388682083,
        0.0031020913527869762,
        0.001427708456494627,
        0.0007584256101701085,
        0.0039962724994538675,
        0.0005375905364436676,
        0.0037144380443908014,
        0.0005736173517663202,
        0.0015308469855460243,
        0.0008957151091486051,
        0.0007292121895035329,
        0.00026001172884302596,
        0.0008720933064579027,
        0.0007923303146828859,
        0.0005313880529309204,
        0.001228590441953087,
        0.0009555007184573803,
        0.000601417501410994,
        0.00020018554999752677,
        0.0004044878572942509,
        0.0008554990668508021,
        0.00058621272129772,
        0.0005199844931036097,
        0.0005075210464763872,
        0.0003823019634572998,
        0.0005761904347958921
    ],
    "direction_hist": [
        0.11013986013986014,
        0.0,
        0.0,
        0.0,
        0.11363636363636363,
        0.0,
        0.0,
        0.0,
        0.0,
        0.18006993006993008,
        0.0,
        0.0,
        0.0,
        0.08916083916083917,
        0.0,
        0.0,
        0.0,
        0.0,
        0.12412587412587413,
        0.0,
        0.0,
        0.0,
        0.1486013986013986,
        0.0,
        0.0,
        0.0,
        0.0,
        0.0944055944055944,
        0.0,
        0.0,
        0.0,
        0.13986013986013987,
        0.0,
        0.0,
        0.0,
        0.0
    ]
}