{
    "fourier": [
        1.0,
        0.18139441090141992,
        0.15877363906274616,
        0.0453446771075432,
        0.019245509509687987,
        0.005264725196336645,
        0.017657397321035977,
        0.017523386439776068,
        0.0022433493709382176,
        0.0076505058869469475,
        0.00801256771064252,
        0.004833288977961918,
        0.004544302820543688,
        0.003992515839726148,
        0.0048504014790012135,
        0.005946412853828715,
        0.004416109708366108,
        0.003030139455036429,
        0.0038368035535964176,
        0.003264306735488338,
        0.0031470179253715812,
        0.0007315387895933545,
        5.371350274324787e-05,
        0.0018080632659596852,
        0.0015126435997763249,
        0.0015971329162790787,
        0.0012826518677075472,
        0.0011037660245629658,
        0.0014640613596536279,
        0.0015361420900320217,
        0.001081494731520618,
        0.0005360402124420369
    ],
    "direction_hist": [
        0.1907032181168057,
        0.0,
        0.0,
        0.0,
        0.1233611442193087,
        0.0,
        0.0,
        0.0,
        0.0,
        0.16865315852205007,
        0.0,
        0.0,
        0.0,
        0.06138259833134684,
        0.0,
        0.0,
        0.0,
        0.0,
        0.10250297973778308,
        0.0,
        0.0,
        0.0,
        0.19129916567342073,
        0.0,
        0.0,
        0.0,
        0.0,
        0.12038140643623362,
        0.0,
        0.0,
        0.0,
        0.041716328963051254,
        0.0,
        0.0,
        0.0,
        0.0
    ]
}