{
    "fourier": [
        1.0,
        0.09297677982505471,
        0.11068449017274738,
        0.04278213653115589,
        0.005584984040246853,
        0.015227117610679476,
        0.01643778880566877,
        0.008658249610993552,
        0.007430160851264677,
        0.0026206930886121895,
        0.001379031485491696,
        0.0028828667436786083,
        0.0006614455330727702,
        0.0011768825471619177,
        0.001213365931220834,
        0.0034052664048331155,
        0.002101642949514024,
        0.0017132039487195061,
        0.0010308016535411245,
        0.001034213416460393,
        0.002134461480482635,
        0.00079049103397802,
        0.002262669079331268,
        5.352521819180436e-05,
        0.000428485582156011,
        0.0010119076403302461,
        0.00020995528263724198,
        0.0005299802488876601,
        0.00031186026659177205,
        0.0002872143127987147,
        0.00045246867032115067,
        0.00036144313141105416
    ],
    "direction_hist": [
        0.19290465631929046,
        0.0,
        0.0,
        0.0,
        0.09090909090909091,
        0.0,
        0.0,
        0.0,
        0.0,
        0.17073170731707318,
        0.0,
        0.0,
        0.0,
        0.06651884700665188,
        0.0,
        0.0,
        0.0,
        0.0,
        0.15077605321507762,
        0.0,
        0.0,
        0.0,
        0.1352549889135255,
        0.0,
        0.0,
        0.0,
        0.0,
        0.12195121951219512,
        0.0,
        0.0,
        0.0,
        0.07095343680709534,
        0.0,
        0.0,
        0.0,
        0.0
    ]
}