{
    "fourier": [
        1.0,
        0.1682333894842243,
        0.14574325987509207,
        0.039557983883103984,
        0.03827092595218586,
        0.008643220238932282,
        0.01126585954615265,
        0.013414787229162343,
        0.010200594629216275,
        0.007725824520617164,
        0.0045538936302586385,
        0.001202012325030504,
        0.0019570605225582506,
        0.0009417950014221732,
        0.0036004970246404488,
        0.002739357915990602,
        0.0009620284445727114,
        0.0034718541618126305,
        0.002667580241587611,
        0.0016474298448330498,
        0.0014920660602048522,
        0.001363430832159081,
        0.001436136700874061,
        0.0014902415156469668,
        0.0016006180651684208,
        0.0007324700808432226,
        0.0007665712880643613,
        0.0007210041612023862,
        0.00024162273359525823,
        0.0008031458050233167,
        0.00022699413487345187,
        0.0004911913389542497
    ],
    "direction_hist": [
        0.17054263565891473,
        0.0,
        0.0,
        0.0,
        0.13468992248062014,
        0.0,
        0.0,
        0.0,
        0.0,
        0.16472868217054262,
        0.0,
        0.0,
        0.0,
        0.05426356589147287,
        0.0,
        0.0,
        0.0,
        0.0,
        0.12209302325581395,
        0.0,
        0.0,
        0.0,
        0.1753875968992248,
        0.0,
        0.0,
        0.0,
        0.0,
        0.1308139534883721,
        0.0,
        0.0,
        0.0,
        0.04748062015503876,
        0.0,
        0.0,
        0.0,
        0.0
    ]
}