{
    "fourier": [
        1.0,
        0.13876366624872855,
        0.10833712476396516,
        0.026719149592480947,
        0.033926134604870074,
        0.007949653774973621,
        0.006137797235844964,
        0.012762348583021886,
        0.004151855839185511,
        0.009527078205495776,
        0.0023684497970673,
        0.0004322669702206712,
        0.0013108725799467545,
        0.0010863471935030455,
        0.0016049591102368335,
        0.0005469548982025638,
        0.0005911388748982177,
        0.0006264139164871075,
        0.0014100445204256575,
        0.0007433308750412787,
        0.001473830815390428,
        0.0017043184068943611,
        0.0008494284711376649,
        0.0008657783380027318,
        0.0013041886496263848,
        0.001361788960843117,
        0.000890834039301946,
        0.0007672743173692564,
        0.0011237531650082739,
        0.0004433544542538816,
        0.0005627508469444703,
        0.0005346835858208146
    ],
    "direction_hist": [
        0.0820419325432999,
        0.0,
        0.0,
        0.0,
        0.14494074749316319,
        0.0,
        0.0,
        0.0,
        0.0,
        0.14767547857793983,
        0.0,
        0.0,
        0.0,
        0.13126709206927986,
        0.0,
        0.0,
        0.0,
        0.0,
        0.07110300820419325,
        0.0,
        0.0,
        0.0,
        0.14038286235186873,
        0.0,
        0.0,
        0.0,
        0.0,
        0.1659070191431176,
        0.0,
        0.0,
        0.0,
        0.11668185961713765,
        0.0,
        0.0,
        0.0,
        0.0
    ]
}