{
    "fourier": [
        1.0,
        0.11142923259527107,
        0.13333218234131175,
        0.04461879976587534,
        0.021474216104816868,
        0.008397086059171624,
        0.015287745155282443,
        0.012515775784573477,
        0.008117194156058759,
        0.011150634545409393,
        0.006445447182703665,
        0.0004885020098412193,
        0.004236435679333617,
        0.0016900073381038462,
        0.002414356770691404,
        0.0020299843843538724,
        0.00022104658708639057,
        0.0013179196110569222,
        0.0018034658420174041,
        0.0012509348062748858,
        0.0018227689767112848,
        0.0007355714683486924,
        0.0012212954885838915,
        0.0016468895921414788,
        0.0008998313231805182,
        0.0014707548206009593,
        0.0002826619805514446,
        0.0005227833386514972,
        0.0008502501476392336,
        0.0005632184430478248,
        0.00016743756666964894,
        0.000981697706177922
    ],
    "direction_hist": [
        0.2172043010752688,
        0.0,
        0.0,
        0.0,
        0.05161290322580645,
        0.0,
        0.0,
        0.0,
        0.0,
        0.12043010752688173,
        0.0,
        0.0,
        0.0,
        0.14193548387096774,
        0.0,
        0.0,
        0.0,
        0.0,
        0.15483870967741936,
        0.0,
        0.0,
        0.0,
        0.07096774193548387,
        0.0,
        0.0,
        0.0,
        0.0,
        0.14193548387096774,
        0.0,
        0.0,
        0.0,
        0.1010752688172043,
        0.0,
        0.0,
        0.0,
        0.0
    ]
}