{
    "fourier": [
        1.0,
        0.13372953711623756,
        0.07000403334262616,
        0.02172206410952516,
        0.024284250956111128,
        0.0378892134656396,
        0.02447544888472882,
        0.015241897954542094,
        0.0066924670490246824,
        0.002931494855272924,
        0.012146980460359336,
        0.006274790053936342,
        0.013263815111873805,
        0.0077012113292360285,
        0.0024495289608109797,
        0.002696005046175817,
        0.0027697347765840053,
        0.001238860101935319,
        0.005472928750467947,
        0.0007727807835641239,
        0.0014822005639174923,
        0.0025132206573329026,
        0.0030114962296001625,
        0.002600797964789403,
        0.00017579054961326982,
        0.002299866001070692,
        0.0010550975199038921,
        0.0016648671263885442,
        0.0014387685912375069,
        0.0010413162579960297,
        0.0016231990684073213,
        0.0005469640177790752
    ],
    "direction_hist": [
        0.09568162574089754,
        0.0,
        0.0,
        0.0,
        0.07620660457239628,
        0.0,
        0.0,
        0.0,
        0.0,
        0.21591871295512277,
        0.0,
        0.0,
        0.0,
        0.11769686706181202,
        0.0,
        0.0,
        0.0,
        0.0,
        0.0846740050804403,
        0.0,
        0.0,
        0.0,
        0.0838272650296359,
        0.0,
        0.0,
        0.0,
        0.0,
        0.21083827265029637,
        0.0,
        0.0,
        0.0,
        0.11515664690939881,
        0.0,
        0.0,
        0.0,
        0.0
    ]
}