{
    "fourier": [
        1.0,
        0.06877788778565268,
        0.06893133771561506,
        0.047001478432356,
        0.03849500102004886,
        0.051461107102724404,
        0.05087558794164797,
        0.03788676894355198,
        0.002043801345259778,
        0.010912530410390626,
        0.012400116830097717,
        0.016855665290351776,
        0.006890836392593866,
        0.014320901729543823,
        0.006387854416799918,
        0.009022840655022537,
        0.005812735531178646,
        0.0018386232967707043,
        0.0006680396915167908,
        0.001966258824674524,
        0.004586716543028704,
        0.0022254471003514396,
        0.0012165178112602869,
        0.001987297914549801,
        0.0014923589980547069,
        0.0016352679254690234,
        0.001123184886401612,
        0.0026674860853464826,
        0.0005412313093392622,
        0.0031270602086794527,
        0.0008690548970706066,
        0.0007421649409551192
    ],
    "direction_hist": [
        0.13226205191594562,
        0.0,
        0.0,
        0.0,
        0.06798516687268233,
        0.0,
        0.0,
        0.0,
        0.0,
        0.22249690976514216,
        0.0,
        0.0,
        0.0,
        0.09085290482076638,
        0.0,
        0.0,
        0.0,
        0.0,
        0.10506798516687268,
        0.0,
        0.0,
        0.0,
        0.08405438813349815,
        0.0,
        0.0,
        0.0,
        0.0,
        0.2169344870210136,
        0.0,
        0.0,
        0.0,
        0.08034610630407911,
        0.0,
        0.0,
        0.0,
        0.0
    ]
}