{
    "fourier": [
        1.0,
        0.10788658767936188,
        0.024896348493052493,
        0.05369696252761995,
        0.02390414306882978,
        0.03291302923787316,
        0.015531322744163233,
        0.017454915564922673,
        0.015458486489025888,
        0.023601376810649544,
        0.0022199822212063225,
        0.008022577702090226,
        0.004290832181017581,
        0.0016976059861455403,
        0.004126953176019452,
        0.0011192959122911282,
        0.0045572221011594685,
        0.0038504937807620696,
        0.0024868178931578225,
        0.0039222219538795865,
        0.0033499888065051855,
        0.001121621987097136,
        0.004894401713809621,
        0.0014902257731832596,
        0.0016881053669602472,
        0.0018624680949531395,
        0.0016674590542338139,
        0.00206804916178607,
        0.0011911392126702231,
        0.0007763666719063744,
        0.001603087041721496,
        0.0006331859355075691
    ],
    "direction_hist": [
        0.09956076134699854,
        0.0,
        0.0,
        0.0,
        0.09077598828696926,
        0.0,
        0.0,
        0.0,
        0.0,
        0.21522693997071743,
        0.0,
        0.0,
        0.0,
        0.10322108345534407,
        0.0,
        0.0,
        0.0,
        0.0,
        0.08199121522693997,
        0.0,
        0.0,
        0.0,
        0.09443631039531479,
        0.0,
        0.0,
        0.0,
        0.0,
        0.2247437774524158,
        0.0,
        0.0,
        0.0,
        0.09004392386530015,
        0.0,
        0.0,
        0.0,
        0.0
    ]
}