{
    "fourier": [
        1.0,
        0.008482066544697483,
        0.0506225331569378,
        0.01452213788564764,
        0.047018060608351286,
        0.04835579547141195,
        0.028942816155836437,
        0.05151697606929954,
        0.015232928838582394,
        0.010373066957827814,
        0.008565648260365107,
        0.021048716665556903,
        0.002441071135106281,
        0.007719548048283289,
        0.009692640246921375,
        0.001659929719765764,
        0.002821411533909738,
        0.004859414956259246,
        0.0019064955325745192,
        0.0043111619094423235,
        0.0034972515349896995,
        0.003576036579939549,
        0.003821130085705763,
        0.0014379218597258465,
        0.002314467014513614,
        0.0034843718982301027,
        0.004751452184496111,
        0.0007459718803172968,
        0.0019350350276992946,
        0.0018141741670481438,
        0.0024210883837952786,
        0.00010831952247817919
    ],
    "direction_hist": [
        0.09070165430690245,
        0.0,
        0.0,
        0.0,
        0.10039931545921278,
        0.0,
        0.0,
        0.0,
        0.0,
        0.19965772960638906,
        0.0,
        0.0,
        0.0,
        0.11180832857957787,
        0.0,
        0.0,
        0.0,
        0.0,
        0.08556759840273816,
        0.0,
        0.0,
        0.0,
        0.09127210496292071,
        0.0,
        0.0,
        0.0,
        0.0,
        0.22247575584711923,
        0.0,
        0.0,
        0.0,
        0.09811751283513977,
        0.0,
        0.0,
        0.0,
        0.0
    ]
}