{
    "fourier": [
        1.0,
        0.03839064937176808,
        0.032435683479876284,
        0.042172482214146705,
        0.025010420877156048,
        0.03526365093660034,
        0.011898906898602488,
        0.05232123978384974,
        0.05161254871213943,
        0.004895374755068028,
        0.014681931900605152,
        0.0017917389815647168,
        0.010711391616070355,
        0.006506921344253801,
        0.002803320168091654,
        0.011485417522538557,
        0.0059706268448803945,
        0.0020935127565205017,
        0.006186018295500398,
        0.005866665988318785,
        0.004423261404988433,
        0.0017878639672398544,
        0.003857364579565069,
        0.0005150691333359787,
        0.0026317732718334303,
        0.0023978460721126803,
        0.0021429877750565856,
        0.0008201046534118322,
        0.0017322006669574703,
        0.0027920561920404593,
        0.0026935275831308603,
        0.001479243534261496
    ],
    "direction_hist": [
        0.1081467365412101,
        0.0,
        0.0,
        0.0,
        0.09861838970938543,
        0.0,
        0.0,
        0.0,
        0.0,
        0.19056693663649357,
        0.0,
        0.0,
        0.0,
        0.10909957122439257,
        0.0,
        0.0,
        0.0,
        0.0,
        0.09528346831824679,
        0.0,
        0.0,
        0.0,
        0.08813720819437827,
        0.0,
        0.0,
        0.0,
        0.0,
        0.22391615054787994,
        0.0,
        0.0,
        0.0,
        0.08623153882801333,
        0.0,
        0.0,
        0.0,
        0.0
    ]
}