{
    "fourier": [
        1.0,
        0.0033464428459495607,
        0.0017689980691145038,
        0.0033033156703176146,
        0.0977405720879453,
        0.002946889766551962,
        0.0018344868717388196,
        0.004011350118721719,
        0.0018257062407253458,
        0.013799884266779982,
        0.0028964847340589932,
        0.0007943424048452439,
        0.002490658362992587,
        0.002612029200432455,
        0.005871703455399964,
        0.0005475944998599979,
        0.0006226568396053219,
        0.0015502038404498902,
        0.0018732222063847167,
        0.0060232827316441685,
        0.0021853324764707725,
        0.0010633215472863188,
        0.0019811639917702295,
        0.000509185659955641,
        0.001480274335390623,
        0.0008722747455350843,
        0.0019509234919427004,
        0.0011285928279547775,
        0.0007325851113458674,
        0.0018091994106798593,
        0.0006987843351395652,
        0.00038902636216896577
    ],
    "direction_hist": [
        0.1315403422982885,
        0.0,
        0.0,
        0.0,
        0.14474327628361858,
        0.0,
        0.0,
        0.0,
        0.0,
        0.12567237163814182,
        0.0,
        0.0,
        0.0,
        0.09193154034229829,
        0.0,
        0.0,
        0.0,
        0.0,
        0.14376528117359413,
        0.0,
        0.0,
        0.0,
        0.1349633251833741,
        0.0,
        0.0,
        0.0,
        0.0,
        0.13251833740831295,
        0.0,
        0.0,
        0.0,
        0.09486552567237164,
        0.0,
        0.0,
        0.0,
        0.0
    ]
}