{
    "fourier": [
        1.0,
        0.002667263896039283,
        0.0010118149264550973,
        0.0023009559143022614,
        0.08852355687609897,
        0.0025903659301019606,
        0.0014176928249847306,
        0.002851957848193049,
        0.0009748342594456855,
        0.004338560941952611,
        0.0023937839489708503,
        0.0013108463643963905,
        0.0006077008389550942,
        0.0004765967360559596,
        0.009896647948320368,
        0.0017992690535201146,
        0.0008563010965557589,
        0.0008652441835112775,
        0.0009421166230365,
        0.0003773767676425284,
        0.0006795598519638125,
        0.0017251957220988717,
        0.0009766809165186773,
        0.0006186357876457076,
        0.0026488960517170547,
        0.00027868841893513775,
        0.0006079429091969916,
        0.0007107578808029317,
        0.0002793498096043526,
        0.000738621464578959,
        0.0005440935455570071,
        0.000506906950549929
    ],
    "direction_hist": [
        0.13232920925228617,
        0.0,
        0.0,
        0.0,
        0.13286713286713286,
        0.0,
        0.0,
        0.0,
        0.0,
        0.14577729962345348,
        0.0,
        0.0,
        0.0,
        0.0844540075309306,
        0.0,
        0.0,
        0.0,
        0.0,
        0.14147391070467993,
        0.0,
        0.0,
        0.0,
        0.13448090371167296,
        0.0,
        0.0,
        0.0,
        0.0,
        0.13286713286713286,
        0.0,
        0.0,
        0.0,
        0.09575040344271113,
        0.0,
        0.0,
        0.0,
        0.0
    ]
}