{
    "fourier": [
        1.0,
        0.0021302778702175077,
        0.0061529201201763585,
        0.007685159282738579,
        0.09995759362659919,
        0.008026222175338136,
        0.005618546879888353,
        0.0034021147898679956,
        0.003513587285655911,
        0.01557654164255591,
        0.002745780469211267,
        0.0023444661554934175,
        0.0027710638428634217,
        0.0016993241495583745,
        0.003101746954564783,
        0.0018619352462522065,
        0.0008986081827807047,
        0.0009604632010556574,
        0.0027531504521712117,
        0.0036398537493618974,
        0.0015718220837403077,
        0.0008052802076021859,
        0.0010344898341806445,
        0.0011669480179983917,
        0.0036599853606209547,
        0.0027186330877590455,
        0.0006825515371035592,
        0.000943136372435162,
        0.0013082575225211257,
        0.0009848391301344112,
        0.0021372718223713573,
        0.0010666390342418267
    ],
    "direction_hist": [
        0.12336530078465563,
        0.0,
        0.0,
        0.0,
        0.13644289450741065,
        0.0,
        0.0,
        0.0,
        0.0,
        0.15039232781168266,
        0.0,
        0.0,
        0.0,
        0.07933740191804708,
        0.0,
        0.0,
        0.0,
        0.0,
        0.14428945074106364,
        0.0,
        0.0,
        0.0,
        0.13208369659982563,
        0.0,
        0.0,
        0.0,
        0.0,
        0.13775065387968613,
        0.0,
        0.0,
        0.0,
        0.0963382737576286,
        0.0,
        0.0,
        0.0,
        0.0
    ]
}