{
    "fourier": [
        1.0,
        0.0036197617967940483,
        0.0014358893816135286,
        0.0030776190915476984,
        0.0974132008054293,
        0.0017348037861433198,
        0.0010190582459740198,
        0.004438522439415797,
        0.0017975010659807503,
        0.01345859862104471,
        0.0024039326414234973,
        0.0013734360527489105,
        0.0020425617633489774,
        0.0018201749778838506,
        0.006634254267152164,
        0.0007040035745530883,
        0.0005063280667445819,
        0.0006349675124245386,
        0.00121260251416013,
        0.006576482038510049,
        0.002294179745267209,
        0.0008949947437365969,
        0.0017574116538325393,
        0.0006314687209617846,
        0.0015628985058721435,
        0.0007685595521664715,
        0.0020659012859212305,
        0.0008169892301047481,
        0.00014812951552555577,
        0.002266546815868657,
        0.0009170779051881148,
        0.0006235186603803922
    ],
    "direction_hist": [
        0.13236009732360096,
        0.0,
        0.0,
        0.0,
        0.14549878345498785,
        0.0,
        0.0,
        0.0,
        0.0,
        0.12506082725060827,
        0.0,
        0.0,
        0.0,
        0.09148418491484185,
        0.0,
        0.0,
        0.0,
        0.0,
        0.1435523114355231,
        0.0,
        0.0,
        0.0,
        0.13722627737226278,
        0.0,
        0.0,
        0.0,
        0.0,
        0.12992700729927006,
        0.0,
        0.0,
        0.0,
        0.0948905109489051,
        0.0,
        0.0,
        0.0,
        0.0
    ]
}