{
    "fourier": [
        1.0,
        0.006482348401362522,
        0.006920200727108458,
        0.011314766725271147,
        0.11222935807548062,
        0.009232566849901416,
        0.004417105726707983,
        0.0061931903575017065,
        0.005737089000961209,
        0.01998661251119853,
        0.006165100107556966,
        0.0007892163830486797,
        0.0006781075058424963,
        0.0007608473654395723,
        0.0023067917972700654,
        0.002655050046669542,
        0.0026869702547778532,
        0.0021338456012592725,
        0.0014840588075938927,
        0.010113435995542366,
        0.0034963523556234334,
        0.0014484474860528575,
        0.0007105192591700748,
        0.0013889809745607936,
        0.0022681774270131893,
        0.0016626494594734322,
        0.0008996957116506547,
        0.0010423618121248408,
        0.0021013455801153283,
        0.00439696642511636,
        0.002899588983360708,
        0.0004985999113019151
    ],
    "direction_hist": [
        0.1402439024390244,
        0.0,
        0.0,
        0.0,
        0.13495934959349593,
        0.0,
        0.0,
        0.0,
        0.0,
        0.1378048780487805,
        0.0,
        0.0,
        0.0,
        0.08821138211382114,
        0.0,
        0.0,
        0.0,
        0.0,
        0.1378048780487805,
        0.0,
        0.0,
        0.0,
        0.1410569105691057,
        0.0,
        0.0,
        0.0,
        0.0,
        0.12764227642276424,
        0.0,
        0.0,
        0.0,
        0.09227642276422764,
        0.0,
        0.0,
        0.0,
        0.0
    ]
}