{
    "gabor": [
        0.7194610238075256,
        236279.3125,
        1.7934865951538086,
        295798.71875,
        0.14713647961616516,
        227374.453125,
        0.36213478446006775,
        295696.375,
        -1.390039324760437,
        163724.890625,
        -2.1483800411224365,
        211164.046875,
        -1.5755850076675415,
        159727.1875,
        -3.044639825820923,
        200829.734375,
        -0.40527838468551636,
        537179.375,
        5.827960968017578,
        1898425.375,
        0.19459998607635498,
        512666.09375,
        2.2133448123931885,
        1972514.25,
        -1.395586609840393,
        371468.09375,
        -6.2206292152404785,
        1300053.375,
        -0.8667942881584167,
        365526.09375,
        -11.165987014770508,
        1229345.0
    ],
    "tamura": {
        "contrast": 32.64872515141086,
        "directionality": 21689.443359375,
        "roughness": 31.175819396972656,
        "coarseness": 84.10342604856513
    }
}