{
    "gabor": [
        -22.182518005371094,
        420287.03125,
        -39.19103240966797,
        453003.875,
        -18.706890106201172,
        305473.5625,
        -34.9393424987793,
        385939.46875,
        -6.7816667556762695,
        372627.46875,
        -12.844369888305664,
        425443.59375,
        9.215790748596191,
        311596.09375,
        17.105066299438477,
        363967.09375,
        -11.690135955810547,
        1030305.5,
        -121.47894287109375,
        2830295.25,
        -7.312137126922607,
        673681.0,
        -110.56909942626953,
        2387885.5,
        -2.7183570861816406,
        923519.125,
        -40.32965850830078,
        2679127.5,
        3.4966444969177246,
        715424.3125,
        53.026309967041016,
        2138932.5
    ],
    "tamura": {
        "contrast": 53.117644118437624,
        "directionality": 51366.4921875,
        "roughness": 73.35308074951172,
        "coarseness": 163.68567325409154
    }
}