{
    "gabor": [
        3.548778772354126,
        133152.09375,
        6.56122350692749,
        176602.875,
        -4.673977375030518,
        158602.046875,
        -8.906244277954102,
        200124.328125,
        -9.329893112182617,
        208341.859375,
        -18.270097732543945,
        242947.25,
        -9.415948867797852,
        149966.359375,
        -17.723730087280273,
        196209.453125,
        1.3525944948196411,
        296693.625,
        20.713830947875977,
        1079226.0,
        -2.198498487472534,
        380325.6875,
        -30.703935623168945,
        1222783.25,
        -2.358074903488159,
        525131.4375,
        -57.846195220947266,
        1465577.625,
        -3.902796983718872,
        349662.5625,
        -57.851348876953125,
        1220624.25
    ],
    "tamura": {
        "contrast": 28.991521493159805,
        "directionality": 9997.3603515625,
        "roughness": 13.44522476196289,
        "coarseness": 178.35725121359224
    }
}