{
    "gabor": [
        0.8932250142097473,
        171227.5,
        1.1711957454681396,
        215473.140625,
        -7.691279411315918,
        150033.59375,
        -14.667745590209961,
        188136.390625,
        -10.565454483032227,
        150109.890625,
        -20.4399356842041,
        184371.84375,
        -8.106256484985352,
        153940.265625,
        -15.245269775390625,
        201389.640625,
        1.0982455015182495,
        405182.90625,
        3.4644463062286377,
        1310733.25,
        -3.6096479892730713,
        363263.28125,
        -50.61752700805664,
        1166510.75,
        -2.9730703830718994,
        359405.875,
        -64.4356918334961,
        1104343.75,
        -3.392998695373535,
        348557.1875,
        -49.78314971923828,
        1262592.0
    ],
    "tamura": {
        "contrast": 32.85560126856333,
        "directionality": 9281.390625,
        "roughness": 13.849950790405273,
        "coarseness": 107.32502278645833
    }
}