{
    "gabor": [
        4.443460941314697,
        168689.5625,
        8.492292404174805,
        204993.6875,
        -2.8961241245269775,
        220161.453125,
        -5.404603958129883,
        255298.875,
        -8.7954683303833,
        157498.171875,
        -16.498537063598633,
        194685.203125,
        -9.303731918334961,
        102774.1328125,
        -17.441251754760742,
        133603.28125,
        1.439589500427246,
        402112.65625,
        26.79191780090332,
        1229979.75,
        -1.1412261724472046,
        547832.25,
        -17.103364944458008,
        1528848.125,
        -3.3808035850524902,
        359914.25,
        -51.82640075683594,
        1191686.75,
        -3.791259527206421,
        234968.5625,
        -56.23099136352539,
        792611.5
    ],
    "tamura": {
        "contrast": 31.04661935088343,
        "directionality": 16435.677734375,
        "roughness": 23.65045738220215,
        "coarseness": 101.55198754789272
    }
}