{
    "gabor": [
        -6.275547027587891,
        274932.375,
        -11.225500106811523,
        223186.140625,
        0.8648898005485535,
        41584.4453125,
        1.169995665550232,
        93899.8203125,
        10.497321128845215,
        75640.4765625,
        16.28044319152832,
        134413.703125,
        9.141764640808105,
        41161.45703125,
        16.681364059448242,
        90918.6015625,
        -2.9092600345611572,
        809728.8125,
        -34.79420471191406,
        1426122.25,
        -0.8578492999076843,
        34651.27734375,
        -3.4662439823150635,
        637671.25,
        7.536867618560791,
        151634.65625,
        50.14523696899414,
        1128496.375,
        2.586341142654419,
        39163.59765625,
        46.75354766845703,
        598292.9375
    ],
    "tamura": {
        "contrast": 31.64439807891247,
        "directionality": 16927.8671875,
        "roughness": 28.813289642333984,
        "coarseness": 85.51153034991302
    }
}