{
    "gabor": [
        -1.7404066324234009,
        179852.921875,
        -2.845573663711548,
        237368.65625,
        -12.588353157043457,
        173668.78125,
        -23.775836944580078,
        222956.609375,
        -16.179615020751953,
        234713.21875,
        -30.489795684814453,
        308533.59375,
        -10.767157554626465,
        321897.40625,
        -20.448057174682617,
        386086.34375,
        -1.429142713546753,
        388902.53125,
        -8.58941650390625,
        1431288.0,
        -5.571624755859375,
        421377.0625,
        -79.35478973388672,
        1397325.25,
        -5.968186378479004,
        520097.28125,
        -95.24869537353516,
        1979880.125,
        -4.937417030334473,
        806328.8125,
        -69.59619903564453,
        2532800.75
    ],
    "tamura": {
        "contrast": 51.86890256445148,
        "directionality": 13394.8984375,
        "roughness": 18.700801849365234,
        "coarseness": 149.85940344293854
    }
}