{
    "gabor": [
        -4.664562225341797,
        232581.0,
        -9.503517150878906,
        220780.71875,
        1.549370288848877,
        195901.953125,
        2.912680149078369,
        201177.65625,
        7.436446666717529,
        241051.28125,
        13.790990829467773,
        227810.890625,
        8.911614418029785,
        222895.078125,
        16.81618309020996,
        221627.453125,
        -0.9074803590774536,
        621467.75,
        -30.318790435791016,
        1214641.125,
        0.640913188457489,
        501284.875,
        9.512088775634766,
        1120032.75,
        2.7524361610412598,
        633550.125,
        43.15243148803711,
        1242966.125,
        3.801213026046753,
        586201.0,
        55.57427215576172,
        1225043.375
    ],
    "tamura": {
        "contrast": 39.87430417484646,
        "directionality": 37026.625,
        "roughness": 58.61069869995117,
        "coarseness": 183.3147900182593
    }
}