{
    "gabor": [
        -6.56674337387085,
        41352.375,
        -12.49294662475586,
        58418.109375,
        -22.494314193725586,
        127938.078125,
        -42.33522033691406,
        158598.59375,
        -22.78206443786621,
        186740.78125,
        -46.00385665893555,
        200064.078125,
        -13.072173118591309,
        58721.1015625,
        -24.688426971435547,
        76200.21875,
        -1.956722378730774,
        86928.390625,
        -39.521949768066406,
        352040.09375,
        -9.380352973937988,
        278556.40625,
        -138.43722534179688,
        975134.25,
        -4.50652551651001,
        479949.6875,
        -146.75094604492188,
        1185707.25,
        -5.61305046081543,
        138574.09375,
        -81.77537536621094,
        460684.3125
    ],
    "tamura": {
        "contrast": 36.64480571733176,
        "directionality": 9327.0068359375,
        "roughness": 11.481491088867188,
        "coarseness": 192.8271900844292
    }
}