{
    "gabor": [
        3.3304476737976074,
        74935.8125,
        6.343263626098633,
        129960.7421875,
        3.013317346572876,
        86536.5,
        5.700974464416504,
        131923.625,
        0.7589246034622192,
        61244.5703125,
        1.5273507833480835,
        100020.9140625,
        -1.862845540046692,
        52102.66796875,
        -3.5542972087860107,
        100605.109375,
        1.3784053325653076,
        130207.015625,
        19.696369171142578,
        912150.125,
        1.3555562496185303,
        185890.015625,
        19.164194107055664,
        900001.375,
        0.06369416415691376,
        112555.2890625,
        4.9591593742370605,
        652903.3125,
        -0.9644566178321838,
        78950.25,
        -12.600996017456055,
        745578.25
    ],
    "tamura": {
        "contrast": 22.262674820492016,
        "directionality": 2329.7275390625,
        "roughness": 3.8891851902008057,
        "coarseness": 94.6535458654664
    }
}