{
    "gabor": [
        8.413759231567383,
        105641.6875,
        14.07919692993164,
        73651.578125,
        4.808939456939697,
        73511.578125,
        9.030966758728027,
        51419.4921875,
        0.06497298181056976,
        46564.75390625,
        -0.4099693298339844,
        34272.109375,
        -5.334672927856445,
        64634.15625,
        -10.035611152648926,
        52252.34375,
        5.770347595214844,
        286391.59375,
        42.465938568115234,
        346048.25,
        2.1343705654144287,
        205057.515625,
        29.81161880493164,
        235254.328125,
        0.7806810140609741,
        130301.6640625,
        -1.738374948501587,
        157240.6875,
        -2.311713695526123,
        174876.953125,
        -33.143672943115234,
        263223.40625
    ],
    "tamura": {
        "contrast": 24.130435926204793,
        "directionality": 22038.216796875,
        "roughness": 36.1917839050293,
        "coarseness": 93.774375
    }
}