{
    "gabor": [
        5.0826334953308105,
        631586.1875,
        11.400714874267578,
        710828.3125,
        2.3570053577423096,
        386358.0,
        4.2802348136901855,
        466873.5,
        -2.1519904136657715,
        363339.4375,
        -5.005275726318359,
        426279.71875,
        -6.542991638183594,
        548728.8125,
        -12.320219039916992,
        623746.3125,
        -1.3375682830810547,
        1653425.25,
        38.068321228027344,
        4248771.5,
        0.3886812925338745,
        993529.0,
        10.898102760314941,
        2816896.25,
        0.1304229497909546,
        859897.0625,
        -16.10017967224121,
        2419696.75,
        -2.5168747901916504,
        1360396.25,
        -39.532127380371094,
        3742785.75
    ],
    "tamura": {
        "contrast": 45.73370292331935,
        "directionality": 36284.28125,
        "roughness": 38.02626037597656,
        "coarseness": 95.55861148910056
    }
}