{
    "gabor": [
        0.8455730676651001,
        262163.96875,
        1.0253922939300537,
        214542.96875,
        0.434047669172287,
        125884.375,
        0.6570872068405151,
        112850.03125,
        1.1832962036132812,
        143564.375,
        1.3655985593795776,
        121755.1796875,
        0.1528601348400116,
        291245.46875,
        0.3298042416572571,
        232920.75,
        1.1699142456054688,
        756884.875,
        2.9496164321899414,
        1009317.5,
        -0.058718662708997726,
        347441.3125,
        0.1996442675590515,
        547477.75,
        1.8136111497879028,
        393236.8125,
        3.583375930786133,
        554548.125,
        0.19793958961963654,
        874935.5625,
        1.8263955116271973,
        1106591.875
    ],
    "tamura": {
        "contrast": 28.09214907946768,
        "directionality": 17643.1875,
        "roughness": 26.65637969970703,
        "coarseness": 113.27141049968374
    }
}