{
    "gabor": [
        18.492626190185547,
        506515.90625,
        35.90633010864258,
        535255.0625,
        -10.369357109069824,
        314281.875,
        -19.30682945251465,
        353206.53125,
        -37.69923400878906,
        362864.90625,
        -66.59556579589844,
        366697.84375,
        -37.911407470703125,
        488941.90625,
        -71.27796173095703,
        489303.65625,
        5.382108688354492,
        1277361.125,
        113.4428482055664,
        3350269.75,
        -4.236077308654785,
        766003.1875,
        -61.24205017089844,
        2039759.5,
        -21.094484329223633,
        966219.375,
        -204.86231994628906,
        2056566.75,
        -16.011981964111328,
        1334327.375,
        -233.15969848632812,
        2785282.0
    ],
    "tamura": {
        "contrast": 62.37552214370989,
        "directionality": 44140.546875,
        "roughness": 49.81380844116211,
        "coarseness": 161.5926603874178
    }
}