{
    "gabor": [
        -6.68673849105835,
        364114.78125,
        -12.654906272888184,
        463904.9375,
        -14.762716293334961,
        368579.84375,
        -27.63361167907715,
        479462.5625,
        -14.196890830993652,
        371458.75,
        -27.10053253173828,
        479532.1875,
        -5.50778865814209,
        359916.4375,
        -10.341604232788086,
        448880.5,
        -2.567626476287842,
        856511.5,
        -39.8288688659668,
        2884681.25,
        -5.792398452758789,
        854165.125,
        -88.01029968261719,
        3076724.0,
        -4.224403381347656,
        830056.0625,
        -85.93528747558594,
        3029032.0,
        -2.067852735519409,
        863278.1875,
        -32.872013092041016,
        2761226.75
    ],
    "tamura": {
        "contrast": 44.64418947664701,
        "directionality": 31644.94921875,
        "roughness": 35.7845573425293,
        "coarseness": 147.81791964996023
    }
}