{
    "gabor": [
        9.008121490478516,
        161304.375,
        14.977746963500977,
        217407.921875,
        3.1862590312957764,
        15144.984375,
        5.470624923706055,
        44450.203125,
        -1.9027104377746582,
        632.716796875,
        -3.7459518909454346,
        770.57763671875,
        -6.11276388168335,
        14565.8603515625,
        -11.030991554260254,
        42840.86328125,
        5.162264347076416,
        461894.5625,
        47.21139144897461,
        1765203.125,
        0.027605518698692322,
        2310.102294921875,
        9.844060897827148,
        242762.75,
        -0.5244507193565369,
        1464.19677734375,
        -11.790968894958496,
        4725.2978515625,
        -1.3832207918167114,
        2415.43212890625,
        -28.82606315612793,
        231030.65625
    ],
    "tamura": {
        "contrast": 16.397561529227048,
        "directionality": 1826.7652587890625,
        "roughness": 4.702303886413574,
        "coarseness": 220.36670374490174
    }
}