{
    "gabor": [
        7.766217231750488,
        221751.28125,
        14.550233840942383,
        306457.1875,
        12.9091796875,
        28926.875,
        23.908817291259766,
        86604.2890625,
        11.999465942382812,
        14294.533203125,
        21.494056701660156,
        25915.978515625,
        2.6085257530212402,
        27341.630859375,
        5.079741954803467,
        82523.1796875,
        1.6533602476119995,
        672633.9375,
        47.320411682128906,
        2498966.25,
        4.2458977699279785,
        7165.6123046875,
        71.61348724365234,
        621212.3125,
        6.0551252365112305,
        27157.91015625,
        66.65853881835938,
        211772.578125,
        1.9881956577301025,
        5915.97705078125,
        20.849143981933594,
        581789.5
    ],
    "tamura": {
        "contrast": 41.954030868209955,
        "directionality": 2728.966064453125,
        "roughness": 5.253751277923584,
        "coarseness": 193.98238877322848
    }
}