{
    "gabor": [
        -18.33873176574707,
        194794.5,
        -33.247013092041016,
        323626.84375,
        -19.190799713134766,
        39485.953125,
        -35.35060501098633,
        103332.3515625,
        -10.89980697631836,
        63625.39453125,
        -21.378755569458008,
        102281.9375,
        4.423491477966309,
        68577.3515625,
        8.442314147949219,
        161762.546875,
        -7.827430248260498,
        405679.875,
        -104.66313934326172,
        2653911.25,
        -6.126766204833984,
        28242.302734375,
        -103.72437286376953,
        730680.0625,
        -3.12341046333313,
        123647.75,
        -69.05784606933594,
        800294.8125,
        2.0903217792510986,
        49257.73828125,
        29.14606285095215,
        1107505.875
    ],
    "tamura": {
        "contrast": 40.90612039107887,
        "directionality": 18780.24609375,
        "roughness": 39.145896911621094,
        "coarseness": 186.26488129466853
    }
}