{
    "gabor": [
        6.845499515533447,
        223436.609375,
        13.066776275634766,
        363704.46875,
        1.820235252380371,
        148464.5,
        2.5135300159454346,
        308593.53125,
        1.7738769054412842,
        176096.234375,
        -2.6143126487731934,
        311171.34375,
        -7.821981430053711,
        47847.67578125,
        -15.432652473449707,
        139772.421875,
        1.5882914066314697,
        470587.5,
        41.840023040771484,
        2908346.75,
        -1.2759424448013306,
        202063.0625,
        -4.998780727386475,
        2254259.25,
        8.201703071594238,
        328384.6875,
        -10.800276756286621,
        2561344.75,
        -4.632070064544678,
        13518.0419921875,
        -59.98811721801758,
        924186.8125
    ],
    "tamura": {
        "contrast": 46.55861902668605,
        "directionality": 7744.65625,
        "roughness": 7.29457950592041,
        "coarseness": 180.40078947273207
    }
}