{
    "gabor": [
        -7.4095048904418945,
        92343.8984375,
        -13.4691801071167,
        170510.21875,
        -7.7135820388793945,
        19700.318359375,
        -14.47010612487793,
        54958.38671875,
        -3.975858688354492,
        2269.34130859375,
        -7.438406467437744,
        4745.42724609375,
        2.193739175796509,
        17016.70703125,
        4.123868465423584,
        48071.19921875,
        -3.427774667739868,
        158593.234375,
        -41.877899169921875,
        1461286.25,
        -3.168795347213745,
        5069.6513671875,
        -46.80903244018555,
        367279.5,
        -1.4998784065246582,
        3400.087158203125,
        -23.367462158203125,
        32079.763671875,
        0.9382471442222595,
        4779.04296875,
        13.519879341125488,
        322802.34375
    ],
    "tamura": {
        "contrast": 19.440292692365613,
        "directionality": 1486.0477294921875,
        "roughness": 9.466156005859375,
        "coarseness": 188.148125
    }
}