{
    "gabor": [
        24.94110679626465,
        567645.4375,
        42.99335861206055,
        582581.0625,
        35.82437515258789,
        45516.1796875,
        67.12014770507812,
        125475.78125,
        29.319520950317383,
        28374.236328125,
        55.14018249511719,
        43507.8671875,
        5.552055358886719,
        50595.2734375,
        10.708287239074707,
        138436.765625,
        15.806412696838379,
        2003061.75,
        131.57882690429688,
        4199401.0,
        14.649435997009277,
        19992.626953125,
        216.30279541015625,
        828185.4375,
        10.739982604980469,
        68065.453125,
        173.06463623046875,
        337303.875,
        2.6490325927734375,
        20581.8671875,
        37.88899612426758,
        926042.0
    ],
    "tamura": {
        "contrast": 50.97684805898431,
        "directionality": 8339.451171875,
        "roughness": 12.942771911621094,
        "coarseness": 164.17691275313064
    }
}