{
    "gabor": [
        -13.949087142944336,
        75600.359375,
        -23.06522560119629,
        107625.90625,
        -0.5358118414878845,
        16148.7841796875,
        -0.5925194025039673,
        41234.7734375,
        9.685909271240234,
        17426.205078125,
        18.652196884155273,
        33606.4140625,
        14.940695762634277,
        14865.755859375,
        27.913394927978516,
        38310.4296875,
        -9.91616153717041,
        200377.578125,
        -70.17306518554688,
        860501.625,
        0.5413429141044617,
        12080.2109375,
        3.495790719985962,
        294174.25,
        3.2068896293640137,
        30324.58984375,
        58.46464538574219,
        279675.78125,
        6.058930397033691,
        11182.7001953125,
        89.22180938720703,
        273481.4375
    ],
    "tamura": {
        "contrast": 42.63721906860762,
        "directionality": 1123.05712890625,
        "roughness": 3.2234644889831543,
        "coarseness": 189.9980222562101
    }
}