{
    "gabor": [
        0.6884023547172546,
        221573.484375,
        2.7482194900512695,
        373886.1875,
        -13.457237243652344,
        72616.6015625,
        -24.841617584228516,
        190982.96875,
        -22.301435470581055,
        107227.3515625,
        -41.16221618652344,
        208227.765625,
        -16.567340850830078,
        87745.796875,
        -31.18247413635254,
        215800.390625,
        -1.394851565361023,
        475256.53125,
        9.060831069946289,
        3088632.5,
        -4.420393466949463,
        47630.84765625,
        -73.82208251953125,
        1469435.625,
        -8.63687801361084,
        183679.28125,
        -129.59938049316406,
        1729460.75,
        -6.806960582733154,
        79021.7421875,
        -101.49112701416016,
        1664744.75
    ],
    "tamura": {
        "contrast": 46.34052432180248,
        "directionality": 7018.44189453125,
        "roughness": 36.77742004394531,
        "coarseness": 186.2443263454424
    }
}