{
    "gabor": [
        6.1182074546813965,
        347040.3125,
        11.595903396606445,
        335571.65625,
        0.897205650806427,
        423339.15625,
        1.6950974464416504,
        416513.46875,
        -4.790627956390381,
        308485.875,
        -9.231616020202637,
        282755.90625,
        -7.915849685668945,
        306743.625,
        -14.9242525100708,
        268491.90625,
        1.9185709953308105,
        960250.6875,
        36.53044891357422,
        1726016.375,
        0.34820103645324707,
        1224571.125,
        5.502781867980957,
        2458599.25,
        -1.638839840888977,
        846662.3125,
        -29.0335750579834,
        1324432.875,
        -3.382357120513916,
        889047.625,
        -49.21662521362305,
        1302379.875
    ],
    "tamura": {
        "contrast": 37.77481888912154,
        "directionality": 34422.91796875,
        "roughness": 32.006011962890625,
        "coarseness": 147.15454336763975
    }
}