{
    "gabor": [
        -0.017826806753873825,
        246383.125,
        -0.6049109697341919,
        379841.15625,
        -10.141623497009277,
        431758.84375,
        -18.940298080444336,
        618173.5625,
        -14.815274238586426,
        264881.59375,
        -27.0523624420166,
        431235.90625,
        -9.511940956115723,
        196147.171875,
        -17.798749923706055,
        298974.1875,
        1.103317379951477,
        456800.625,
        -2.4913384914398193,
        2474333.75,
        -3.922743320465088,
        968084.8125,
        -59.88136291503906,
        4507725.5,
        -6.442696571350098,
        476792.65625,
        -84.67066955566406,
        3014508.25,
        -3.640933036804199,
        398893.40625,
        -56.34169006347656,
        2049784.75
    ],
    "tamura": {
        "contrast": 44.51748617763912,
        "directionality": 26891.220703125,
        "roughness": 53.434532165527344,
        "coarseness": 129.82193148688046
    }
}