{
    "gabor": [
        4.014193058013916,
        158671.453125,
        7.648165702819824,
        196496.84375,
        -0.520744800567627,
        217035.03125,
        -0.7076278328895569,
        251766.671875,
        -8.008392333984375,
        253545.96875,
        -11.593334197998047,
        287269.03125,
        -6.32699728012085,
        190862.46875,
        -11.638837814331055,
        232892.921875,
        1.2186318635940552,
        359157.375,
        24.12493896484375,
        1191925.125,
        0.1657564491033554,
        526285.4375,
        0.8464388251304626,
        1558436.125,
        -8.433823585510254,
        626397.375,
        -33.67239761352539,
        1739593.0,
        -2.2822043895721436,
        457287.9375,
        -35.02865219116211,
        1468092.625
    ],
    "tamura": {
        "contrast": 36.54676493958547,
        "directionality": 27296.208984375,
        "roughness": 44.45193099975586,
        "coarseness": 90.27692918071811
    }
}