{
    "gabor": [
        -1.6739757061004639,
        273052.6875,
        -3.171511650085449,
        320949.46875,
        2.794372081756592,
        317379.34375,
        5.326439380645752,
        341273.5625,
        4.646172523498535,
        407544.71875,
        9.932488441467285,
        429675.8125,
        5.149482250213623,
        359465.25,
        9.748053550720215,
        431037.25,
        -0.8906363844871521,
        654162.625,
        -9.79450511932373,
        1851866.75,
        1.2145024538040161,
        819351.5,
        18.015995025634766,
        1993581.375,
        0.14599817991256714,
        1041653.6875,
        32.021873474121094,
        2451370.25,
        2.2979273796081543,
        881513.3125,
        32.759307861328125,
        2808912.25
    ],
    "tamura": {
        "contrast": 43.82331832993584,
        "directionality": 38700.6875,
        "roughness": 47.685787200927734,
        "coarseness": 89.70130852931885
    }
}