{
    "gabor": [
        -5.451443672180176,
        313088.1875,
        -10.1142578125,
        366736.0625,
        -4.199971675872803,
        207204.171875,
        -7.774249076843262,
        271345.375,
        -2.6725401878356934,
        225867.75,
        -2.6374423503875732,
        274129.8125,
        3.1616954803466797,
        266221.8125,
        5.985565662384033,
        332819.09375,
        -2.056042432785034,
        748704.3125,
        -31.837800979614258,
        2282352.5,
        -1.758934497833252,
        456653.25,
        -24.537500381469727,
        1693345.75,
        -5.1590657234191895,
        534217.6875,
        -5.806232452392578,
        1660347.75,
        1.112801432609558,
        613164.875,
        19.02257537841797,
        2113988.75
    ],
    "tamura": {
        "contrast": 37.66221795444216,
        "directionality": 23932.291015625,
        "roughness": 38.57799530029297,
        "coarseness": 90.5026449778483
    }
}