{
    "gabor": [
        -0.2684175670146942,
        156204.546875,
        -0.4351550042629242,
        174910.75,
        2.1815056800842285,
        117997.0859375,
        4.090565204620361,
        132611.015625,
        3.231452703475952,
        142653.234375,
        6.223833084106445,
        160435.75,
        2.4158287048339844,
        192463.390625,
        4.494752883911133,
        207660.171875,
        -0.29986417293548584,
        377142.40625,
        -1.3050988912582397,
        1038815.8125,
        0.8474305868148804,
        289475.40625,
        13.04794979095459,
        765410.625,
        1.0229541063308716,
        343574.0625,
        19.75380516052246,
        944082.375,
        0.888845682144165,
        496821.53125,
        13.929697036743164,
        1253363.375
    ],
    "tamura": {
        "contrast": 30.61414949375326,
        "directionality": 20520.859375,
        "roughness": 48.09428405761719,
        "coarseness": 92.80365447772708
    }
}