{
    "gabor": [
        -3.5118765830993652,
        91632.5390625,
        -6.617912769317627,
        110388.484375,
        -4.672313213348389,
        136289.109375,
        -8.792490005493164,
        153969.265625,
        -3.004314661026001,
        91044.234375,
        -5.79388427734375,
        105976.0703125,
        0.24850787222385406,
        66851.59375,
        0.4462931752204895,
        79723.46875,
        -1.3213993310928345,
        208046.671875,
        -20.764705657958984,
        672189.0,
        -2.0008530616760254,
        346549.0,
        -28.898921966552734,
        987383.1875,
        -0.9690762758255005,
        214370.046875,
        -18.232009887695312,
        626359.375,
        0.05676468461751938,
        155590.640625,
        1.1426281929016113,
        487292.5625
    ],
    "tamura": {
        "contrast": 27.131836109105954,
        "directionality": 15386.0810546875,
        "roughness": 33.97439193725586,
        "coarseness": 87.48051532985077
    }
}