{
    "gabor": [
        -0.105378657579422,
        61179.05859375,
        -0.35781097412109375,
        71430.125,
        -0.6720409989356995,
        86413.234375,
        -1.218865156173706,
        95099.5,
        -0.997033953666687,
        64744.99609375,
        -1.6272273063659668,
        72716.3515625,
        -0.3401039242744446,
        49618.9921875,
        -0.5778712034225464,
        55399.44140625,
        0.21283575892448425,
        141542.078125,
        -1.2654772996902466,
        421239.875,
        -0.18293072283267975,
        224781.375,
        -3.3330140113830566,
        603751.625,
        -0.6518014073371887,
        160143.359375,
        -5.053161144256592,
        423027.125,
        -0.030423874035477638,
        122900.8828125,
        -1.1135920286178589,
        322312.46875
    ],
    "tamura": {
        "contrast": 20.306800258686113,
        "directionality": 10784.32421875,
        "roughness": 31.883129119873047,
        "coarseness": 78.82185706833594
    }
}