{
    "gabor": [
        -2.218655824661255,
        44656.609375,
        -3.449725389480591,
        36588.33203125,
        -8.75285816192627,
        150615.375,
        -16.44586753845215,
        98930.8125,
        -10.586947441101074,
        150183.5625,
        -20.094030380249023,
        127044.40625,
        -6.439517021179199,
        139742.65625,
        -12.169328689575195,
        89279.265625,
        -1.6955128908157349,
        100813.1328125,
        -10.320148468017578,
        162524.3125,
        -3.5982446670532227,
        486032.3125,
        -53.39155960083008,
        502035.53125,
        -3.4559760093688965,
        498405.25,
        -63.297611236572266,
        773285.8125,
        -2.7334160804748535,
        445065.46875,
        -40.277706146240234,
        448543.1875
    ],
    "tamura": {
        "contrast": 34.3821441043162,
        "directionality": 33021.3359375,
        "roughness": 61.450809478759766,
        "coarseness": 123.87145689362184
    }
}