{
    "gabor": [
        -3.0563454627990723,
        153191.65625,
        -6.703405857086182,
        110970.9140625,
        -16.668903350830078,
        118229.4453125,
        -31.458492279052734,
        103775.1484375,
        -19.575197219848633,
        80297.65625,
        -36.88449478149414,
        65949.53125,
        -11.079733848571777,
        87489.2578125,
        -20.747364044189453,
        56327.03125,
        -0.06134418025612831,
        402489.9375,
        -21.45560646057129,
        539088.6875,
        -7.2265753746032715,
        255554.5625,
        -104.37356567382812,
        498668.78125,
        -7.086165904998779,
        190035.125,
        -115.79513549804688,
        322806.84375,
        -4.413001537322998,
        267770.28125,
        -66.38917541503906,
        275992.59375
    ],
    "tamura": {
        "contrast": 38.06064841229351,
        "directionality": 27811.40625,
        "roughness": 40.673954010009766,
        "coarseness": 89.98136435958632
    }
}