{
    "gabor": [
        11.419660568237305,
        120970.8984375,
        21.55272102355957,
        97240.890625,
        6.525805473327637,
        284619.90625,
        12.085199356079102,
        190652.78125,
        -0.8104308843612671,
        160529.515625,
        -2.7984771728515625,
        150840.234375,
        -9.620125770568848,
        319834.875,
        -18.279478073120117,
        210456.203125,
        4.161882400512695,
        264344.75,
        67.70738220214844,
        417311.125,
        2.3814852237701416,
        883466.25,
        36.966270446777344,
        916530.375,
        1.8054885864257812,
        451693.6875,
        -9.559305191040039,
        958112.1875,
        -4.343592166900635,
        1114904.875,
        -62.05207061767578,
        1042381.125
    ],
    "tamura": {
        "contrast": 49.919805925194595,
        "directionality": 58838.40625,
        "roughness": 74.57352447509766,
        "coarseness": 129.52107305996356
    }
}