{
    "gabor": [
        12.128366470336914,
        107000.546875,
        23.372745513916016,
        165891.78125,
        6.2607102394104,
        63285.1484375,
        11.631052017211914,
        88609.0234375,
        -3.2004425525665283,
        28792.09375,
        -6.406027317047119,
        43521.265625,
        -11.296720504760742,
        57056.59375,
        -21.243314743041992,
        96995.953125,
        3.0168299674987793,
        225319.1875,
        74.40312957763672,
        1261568.375,
        2.169757843017578,
        140624.484375,
        35.506126403808594,
        609365.1875,
        -1.0587480068206787,
        57409.68359375,
        -20.062223434448242,
        280323.53125,
        -4.637442588806152,
        100778.6875,
        -69.0068588256836,
        677275.625
    ],
    "tamura": {
        "contrast": 24.208989889018444,
        "directionality": 4228.02099609375,
        "roughness": 9.897241592407227,
        "coarseness": 127.57275
    }
}