{
    "gabor": [
        -0.998958945274353,
        95067.890625,
        -2.0315585136413574,
        145064.375,
        -3.9285271167755127,
        123538.296875,
        -7.4206414222717285,
        196053.265625,
        -4.336376667022705,
        152913.34375,
        -8.27128791809082,
        243662.421875,
        -2.330418586730957,
        110390.859375,
        -4.385282039642334,
        175081.375,
        -0.16487149894237518,
        167614.453125,
        -6.471219539642334,
        914980.6875,
        -1.7048659324645996,
        205703.03125,
        -24.64925193786621,
        1323206.375,
        -1.5710145235061646,
        275350.34375,
        -25.961891174316406,
        1706402.875,
        -0.9814257025718689,
        198552.234375,
        -14.377321243286133,
        1158811.25
    ],
    "tamura": {
        "contrast": 29.400461101188537,
        "directionality": 7035.0390625,
        "roughness": 12.293837547302246,
        "coarseness": 117.21686197916667
    }
}