{
    "gabor": [
        10.498587608337402,
        62280.859375,
        19.862960815429688,
        107216.140625,
        6.358541011810303,
        70928.1328125,
        11.986757278442383,
        138406.078125,
        -1.5308979749679565,
        81424.4609375,
        -2.962538242340088,
        164729.546875,
        -8.593615531921387,
        67918.125,
        -16.190868377685547,
        126729.078125,
        3.756620168685913,
        116690.5625,
        62.368629455566406,
        775058.9375,
        2.731415271759033,
        109276.8359375,
        39.5644416809082,
        1076745.5,
        -0.379124253988266,
        110469.5234375,
        -9.428359031677246,
        1278399.125,
        -3.6021156311035156,
        111872.4765625,
        -53.078922271728516,
        958013.0625
    ],
    "tamura": {
        "contrast": 36.5931998952665,
        "directionality": 2641.7978515625,
        "roughness": 5.611161231994629,
        "coarseness": 118.59095170454546
    }
}