{
    "gabor": [
        6.057098388671875,
        24912.7265625,
        11.406331062316895,
        65516.80859375,
        3.052126169204712,
        28741.04296875,
        5.7249755859375,
        59755.07421875,
        -1.6226825714111328,
        11011.64453125,
        -3.1752374172210693,
        32087.810546875,
        -5.508522033691406,
        44993.1015625,
        -10.377305030822754,
        82132.03125,
        2.192927360534668,
        12384.2001953125,
        35.81733703613281,
        492550.40625,
        1.2447192668914795,
        47882.375,
        18.483800888061523,
        545360.5625,
        -0.4346761703491211,
        4562.853515625,
        -10.027135848999023,
        219891.65625,
        -2.333448886871338,
        77636.34375,
        -34.099266052246094,
        724528.75
    ],
    "tamura": {
        "contrast": 19.40978794322938,
        "directionality": 712.6176147460938,
        "roughness": 6.05471658706665,
        "coarseness": 144.06982747395833
    }
}